{"dea": {}, "adjacency": {"16": {"28": null, "32": null, "29": null}, "36": {"30": null, "31": null, "37": null, "3": null}, "26": {"18": null, "25": null}, "15": {"19": null, "14": null, "10": null}, "18": {"26": null, "32": null, "0": null, "25": null}, "35": {"33": null, "9": null, "38": null}, "25": {"26": null, "0": null, "18": null}, "28": {"13": null, "16": null, "5": null}, "38": {"21": null, "33": null, "35": null}, "10": {"27": null, "15": null, "34": null}, "30": {"36": null, "37": null, "3": null}, "20": {"12": null, "17": null}, "17": {"20": null, "22": null, "8": null, "24": null}, "37": {"36": null, "30": null, "1": null}, "27": {"4": null, "10": null, "34": null}, "12": {"7": null, "33": null, "20": null, "9": null}, "32": {"13": null, "18": null, "29": null, "16": null}, "22": {"7": null, "8": null, "17": null}, "19": {"14": null, "15": null, "34": null, "24": null}, "29": {"32": null, "0": null, "16": null}, "11": {"6": null, "8": null, "24": null}, "5": {"28": null, "13": null, "2": null}, "4": {"31": null, "27": null, "1": null}, "7": {"12": null, "22": null, "9": null}, "6": {"14": null, "11": null, "24": null}, "1": {"37": null, "31": null, "4": null}, "0": {"18": null, "29": null, "25": null}, "3": {"36": null, "30": null}, "2": {"21": null, "23": null, "5": null}, "21": {"2": null, "23": null, "38": null}, "31": {"36": null, "4": null, "1": null, "34": null}, "9": {"12": null, "7": null, "35": null}, "8": {"22": null, "17": null, "11": null}, "14": {"19": null, "15": null, "6": null}, "34": {"31": null, "27": null, "19": null, "10": null}, "24": {"19": null, "6": null, "17": null, "11": null}, "13": {"28": null, "32": null, "23": null, "5": null}, "33": {"12": null, "23": null, "35": null, "38": null}, "23": {"13": null, "21": null, "33": null, "2": null}}, "node": {"16": {"z": 2.7544626876085929, "y": 0.0, "x": 86.282285773391649}, "36": {"z": 0.0, "y": 0.0, "x": -108.94230769230768}, "26": {"z": 0.0, "y": 0.0, "x": 128.75}, "15": {"z": 4.1270910415555697, "y": 0.0, "x": -53.792958650535041}, "18": {"z": 0.0, "y": 0.0, "x": 108.94230769230768}, "35": {"z": 4.8155255474041265, "y": 0.0, "x": 24.724915780368541}, "25": {"z": 1.3289933871853705, "y": 0.0, "x": 110.31852063156533}, "28": {"z": 3.3992224953023662, "y": 0.0, "x": 72.846921014127503}, "38": {"z": 4.6405535785097873, "y": 0.0, "x": 34.516972364854681}, "10": {"z": 3.7063080372980242, "y": 0.0, "x": -65.48892875205533}, "30": {"z": 1.3289933871853705, "y": 0.0, "x": -110.31852063156533}, "20": {"z": 0.0, "y": 0.0, "x": 0.0}, "17": {"z": 0.0, "y": 0.0, "x": -9.9038461538461604}, "37": {"z": 1.5228906903358492, "y": 0.0, "x": -107.36530821787539}, "27": {"z": 3.3992224953023662, "y": 0.0, "x": -72.846921014127503}, "12": {"z": 0.0, "y": 0.0, "x": 9.9038461538461604}, "32": {"z": 0.0, "y": 0.0, "x": 89.134615384615387}, "22": {"z": 4.9931327608799148, "y": 0.0, "x": -4.7333058191742268}, "19": {"z": 0.0, "y": 0.0, "x": -49.519230769230774}, "29": {"z": 2.4642860079896587, "y": 0.0, "x": 91.68645824773867}, "11": {"z": 4.8155255474041265, "y": 0.0, "x": -24.724915780368541}, "5": {"z": 3.7063080372980242, "y": 0.0, "x": 65.48892875205533}, "4": {"z": 2.7544626876085929, "y": 0.0, "x": -86.282285773391649}, "7": {"z": 4.9931327608799148, "y": 0.0, "x": 4.7333058191742268}, "6": {"z": 4.6405535785097873, "y": 0.0, "x": -34.516972364854681}, "1": {"z": 2.4642860079896587, "y": 0.0, "x": -91.68645824773867}, "0": {"z": 1.5228906903358492, "y": 0.0, "x": 107.36530821787539}, "3": {"z": 0.0, "y": 0.0, "x": -128.75}, "2": {"z": 4.1270910415555697, "y": 0.0, "x": 53.792958650535041}, "21": {"z": 4.3898883841328216, "y": 0.0, "x": 44.973368273304125}, "31": {"z": 0.0, "y": 0.0, "x": -89.134615384615387}, "9": {"z": 4.9319211648230485, "y": 0.0, "x": 15.011000025245725}, "8": {"z": 4.9319211648230485, "y": 0.0, "x": -15.011000025245725}, "14": {"z": 4.3898883841328216, "y": 0.0, "x": -44.973368273304125}, "34": {"z": 0.0, "y": 0.0, "x": -69.326923076923094}, "24": {"z": 0.0, "y": 0.0, "x": -29.711538461538453}, "13": {"z": 0.0, "y": 0.0, "x": 69.326923076923066}, "33": {"z": 0.0, "y": 0.0, "x": 29.711538461538453}, "23": {"z": 0.0, "y": 0.0, "x": 49.519230769230774}}, "max_node": 38, "attributes": {"name": "Network"}, "dna": {"z": 0.0, "y": 0.0, "x": 0.0}, "edge": {"16": {"29": {}}, "36": {"30": {}, "31": {}, "37": {}}, "26": {}, "15": {"14": {}}, "18": {"26": {}, "0": {}, "25": {}}, "35": {"38": {}}, "25": {"26": {}}, "28": {"16": {}}, "38": {"21": {}}, "10": {"15": {}}, "30": {"37": {}}, "20": {"12": {}}, "17": {"20": {}, "22": {}, "8": {}}, "37": {"1": {}}, "27": {"10": {}}, "12": {"7": {}, "33": {}, "9": {}}, "32": {"18": {}, "29": {}, "16": {}}, "22": {"7": {}}, "19": {"14": {}, "15": {}, "24": {}}, "29": {"0": {}}, "11": {"8": {}}, "5": {"28": {}}, "4": {"27": {}}, "7": {"9": {}}, "6": {"11": {}}, "1": {"4": {}}, "0": {"25": {}}, "3": {"36": {}, "30": {}}, "2": {"5": {}}, "21": {"2": {}}, "31": {"4": {}, "1": {}, "34": {}}, "9": {"35": {}}, "8": {"22": {}}, "14": {"6": {}}, "34": {"27": {}, "19": {}, "10": {}}, "24": {"6": {}, "17": {}, "11": {}}, "13": {"28": {}, "32": {}, "5": {}}, "33": {"23": {}, "35": {}, "38": {}}, "23": {"13": {}, "21": {}, "2": {}}}}