{"dea": {}, "adjacency": {"14": {"13": null, "6": null, "5": null}, "12": {"13": null, "11": null, "2": null}, "5": {"4": null, "7": null, "6": null, "14": null}, "4": {"5": null, "13": null, "8": null, "3": null}, "7": {"5": null, "8": null, "11": null}, "6": {"14": null, "5": null}, "1": {"11": null, "0": null, "10": null, "2": null}, "0": {"1": null, "10": null}, "3": {"4": null, "2": null}, "2": {"12": null, "1": null, "9": null, "3": null}, "10": {"1": null, "0": null, "9": null}, "13": {"4": null, "12": null, "14": null}, "11": {"12": null, "7": null, "1": null}, "9": {"10": null, "8": null, "2": null}, "8": {"4": null, "7": null, "9": null}}, "node": {"14": {"z": 12.312124194976281, "y": 0.0, "x": 69.684694266834427}, "12": {"z": 34.863607378618781, "y": 0.0, "x": 45.935554402489629}, "5": {"z": 0.0, "y": 0.0, "x": 47.831871538327519}, "4": {"z": 0.0, "y": 0.0, "x": 15.943957179442506}, "7": {"z": 44.354964696806078, "y": 0.0, "x": -30.893875968668908}, "6": {"z": 0.0, "y": 0.0, "x": 79.719785897212532}, "1": {"z": 0.0, "y": 0.0, "x": -47.831871538327519}, "0": {"z": 0.0, "y": 0.0, "x": -79.719785897212532}, "3": {"z": 0.0, "y": 0.0, "x": 0.0}, "2": {"z": 0.0, "y": 0.0, "x": -15.943957179442506}, "10": {"z": 12.312124194976281, "y": 0.0, "x": -69.684694266834427}, "13": {"z": 24.017310148089564, "y": 0.0, "x": 58.572346299812516}, "11": {"z": 44.354964696806078, "y": 0.0, "x": 30.893875968668908}, "9": {"z": 24.017310148089564, "y": 0.0, "x": -58.572346299812516}, "8": {"z": 34.863607378618781, "y": 0.0, "x": -45.935554402489629}}, "max_node": 14, "attributes": {"name": "Network"}, "dna": {"z": 0.0, "y": 0.0, "x": 0.0}, "edge": {"14": {"6": {"data": [81.232900000000001, 40.790205, 357.09362172203873, 301156.38277148665, 112224.81807931417]}}, "12": {"13": {"data": [81.232900000000001, 40.790205, 357.09362172203873, 301156.38277148665, 112224.81807931417]}}, "5": {"7": {"data": [21.303016, 21.303016, 121.28442651545249, 5709.5618104861514, 5709.5618104861514]}, "6": {"data": [81.232900000000001, 40.790205, 357.09362172203873, 301156.38277148665, 112224.81807931417]}, "14": {"data": [21.303016, 21.303016, 121.28442651545249, 5709.5618104861514, 5709.5618104861514]}}, "4": {"13": {"data": [21.303016, 21.303016, 121.28442651545249, 5709.5618104861514, 5709.5618104861514]}, "8": {"data": [21.303016, 21.303016, 121.28442651545249, 5709.5618104861514, 5709.5618104861514]}, "5": {"data": [81.232900000000001, 40.790205, 357.09362172203873, 301156.38277148665, 112224.81807931417]}}, "7": {"11": {"data": [81.232900000000001, 40.790205, 357.09362172203873, 301156.38277148665, 112224.81807931417]}}, "6": {}, "1": {"11": {"data": [21.303016, 21.303016, 121.28442651545249, 5709.5618104861514, 5709.5618104861514]}, "10": {"data": [21.303016, 21.303016, 121.28442651545249, 5709.5618104861514, 5709.5618104861514]}, "2": {"data": [81.232900000000001, 40.790205, 357.09362172203873, 301156.38277148665, 112224.81807931417]}}, "0": {"1": {"data": [81.232900000000001, 40.790205, 357.09362172203873, 301156.38277148665, 112224.81807931417]}, "10": {"data": [81.232900000000001, 40.790205, 357.09362172203873, 301156.38277148665, 112224.81807931417]}}, "3": {"4": {"data": [81.232900000000001, 40.790205, 357.09362172203873, 301156.38277148665, 112224.81807931417]}}, "2": {"12": {"data": [21.303016, 21.303016, 121.28442651545249, 5709.5618104861514, 5709.5618104861514]}, "9": {"data": [21.303016, 21.303016, 121.28442651545249, 5709.5618104861514, 5709.5618104861514]}, "3": {"data": [81.232900000000001, 40.790205, 357.09362172203873, 301156.38277148665, 112224.81807931417]}}, "10": {"9": {"data": [81.232900000000001, 40.790205, 357.09362172203873, 301156.38277148665, 112224.81807931417]}}, "13": {"14": {"data": [81.232900000000001, 40.790205, 357.09362172203873, 301156.38277148665, 112224.81807931417]}}, "11": {"12": {"data": [81.232900000000001, 40.790205, 357.09362172203873, 301156.38277148665, 112224.81807931417]}}, "9": {"8": {"data": [81.232900000000001, 40.790205, 357.09362172203873, 301156.38277148665, 112224.81807931417]}}, "8": {"7": {"data": [81.232900000000001, 40.790205, 357.09362172203873, 301156.38277148665, 112224.81807931417]}}}}