{
    "dtype": "compas.datastructures/Mesh",
    "value":
    {
        "max_vertex": 23,
        "max_face": 5,
        "dfa":
        {},
        "vertex":
        {
            "0":
            {
                "y": 0.0,
                "z": 0.0,
                "x": 7.0
            },
            "1":
            {
                "y": 5.0,
                "z": 0.0,
                "x": 7.0
            },
            "2":
            {
                "y": 5.0,
                "z": 0.0,
                "x": 13.472135543823242
            },
            "3":
            {
                "y": 0.0,
                "z": 0.0,
                "x": 13.472135543823242
            },
            "4":
            {
                "y": 5.0,
                "z": 0.0,
                "x": 7.0
            },
            "5":
            {
                "y": 0.0,
                "z": 0.0,
                "x": 7.0
            },
            "6":
            {
                "y": 0.0,
                "z": 5.0,
                "x": 7.0
            },
            "7":
            {
                "y": 5.0,
                "z": 5.0,
                "x": 7.0
            },
            "8":
            {
                "y": 0.0,
                "z": 0.0,
                "x": 7.0
            },
            "9":
            {
                "y": 0.0,
                "z": 0.0,
                "x": 13.472135543823242
            },
            "10":
            {
                "y": 0.0,
                "z": 5.0,
                "x": 13.472135543823242
            },
            "11":
            {
                "y": 0.0,
                "z": 5.0,
                "x": 7.0
            },
            "12":
            {
                "y": 0.0,
                "z": 0.0,
                "x": 13.472135543823242
            },
            "13":
            {
                "y": 5.0,
                "z": 0.0,
                "x": 13.472135543823242
            },
            "14":
            {
                "y": 5.0,
                "z": 5.0,
                "x": 13.472135543823242
            },
            "15":
            {
                "y": 0.0,
                "z": 5.0,
                "x": 13.472135543823242
            },
            "16":
            {
                "y": 5.0,
                "z": 0.0,
                "x": 13.472135543823242
            },
            "17":
            {
                "y": 5.0,
                "z": 0.0,
                "x": 7.0
            },
            "18":
            {
                "y": 5.0,
                "z": 5.0,
                "x": 7.0
            },
            "19":
            {
                "y": 5.0,
                "z": 5.0,
                "x": 13.472135543823242
            },
            "20":
            {
                "y": 0.0,
                "z": 5.0,
                "x": 7.0
            },
            "21":
            {
                "y": 0.0,
                "z": 5.0,
                "x": 13.472135543823242
            },
            "22":
            {
                "y": 5.0,
                "z": 5.0,
                "x": 13.472135543823242
            },
            "23":
            {
                "y": 5.0,
                "z": 5.0,
                "x": 7.0
            }
        },
        "dea":
        {},
        "face":
        {
            "0":
            [
                0,
                1,
                2,
                3
            ],
            "1":
            [
                4,
                5,
                6,
                7
            ],
            "2":
            [
                8,
                9,
                10,
                11
            ],
            "3":
            [
                12,
                13,
                14,
                15
            ],
            "4":
            [
                16,
                17,
                18,
                19
            ],
            "5":
            [
                20,
                21,
                22,
                23
            ]
        },
        "facedata":
        {
            "0":
            {},
            "1":
            {},
            "2":
            {},
            "3":
            {},
            "4":
            {},
            "5":
            {}
        },
        "attributes":
        {
            "name": null
        },
        "dva":
        {
            "y": 0.0,
            "z": 0.0,
            "x": 0.0
        },
        "edgedata":
        {}
    }
}