{"dtype": "compas.datastructures/Mesh", "value": {"max_vertex": 23, "max_face": 5, "dfa": {}, "vertex": {"0": {"y": 0.0, "z": 0.0, "x": 16.472135543823242}, "1": {"y": 5.0, "z": 0.0, "x": 16.472135543823242}, "2": {"y": 5.0, "z": 0.0, "x": 26.944271087646484}, "3": {"y": 0.0, "z": 0.0, "x": 26.944271087646484}, "4": {"y": 5.0, "z": 0.0, "x": 16.472135543823242}, "5": {"y": 0.0, "z": 0.0, "x": 16.472135543823242}, "6": {"y": 0.0, "z": 5.0, "x": 16.472135543823242}, "7": {"y": 5.0, "z": 5.0, "x": 16.472135543823242}, "8": {"y": 0.0, "z": 0.0, "x": 16.472135543823242}, "9": {"y": 0.0, "z": 0.0, "x": 26.944271087646484}, "10": {"y": 0.0, "z": 5.0, "x": 26.944271087646484}, "11": {"y": 0.0, "z": 5.0, "x": 16.472135543823242}, "12": {"y": 0.0, "z": 0.0, "x": 26.944271087646484}, "13": {"y": 5.0, "z": 0.0, "x": 26.944271087646484}, "14": {"y": 5.0, "z": 5.0, "x": 26.944271087646484}, "15": {"y": 0.0, "z": 5.0, "x": 26.944271087646484}, "16": {"y": 5.0, "z": 0.0, "x": 26.944271087646484}, "17": {"y": 5.0, "z": 0.0, "x": 16.472135543823242}, "18": {"y": 5.0, "z": 5.0, "x": 16.472135543823242}, "19": {"y": 5.0, "z": 5.0, "x": 26.944271087646484}, "20": {"y": 0.0, "z": 5.0, "x": 16.472135543823242}, "21": {"y": 0.0, "z": 5.0, "x": 26.944271087646484}, "22": {"y": 5.0, "z": 5.0, "x": 26.944271087646484}, "23": {"y": 5.0, "z": 5.0, "x": 16.472135543823242}}, "dea": {}, "face": {"0": [0, 1, 2, 3], "1": [4, 5, 6, 7], "2": [8, 9, 10, 11], "3": [12, 13, 14, 15], "4": [16, 17, 18, 19], "5": [20, 21, 22, 23]}, "facedata": {"0": {}, "1": {}, "2": {}, "3": {}, "4": {}, "5": {}}, "attributes": {"name": null}, "dva": {"y": 0.0, "z": 0.0, "x": 0.0}, "edgedata": {}}}