{"node": {"21": {"y": 0.0, "z": 0.0, "x": 70.535714285714278}, "36": {"y": 0.0, "z": 23.419528922300401, "x": 14.6930143867013}, "10": {"y": 0.0, "z": 17.238582929667999, "x": -52.2741290663201}, "14": {"y": 0.0, "z": 23.497520603031901, "x": 13.566299845449301}, "13": {"y": 0.0, "z": 21.776161429457598, "x": -29.748955908214501}, "31": {"y": 0.0, "z": 22.171328469450501, "x": -26.9077653172717}, "3": {"y": 0.0, "z": 20.059877807980499, "x": 39.795861566634301}, "1": {"y": 0.0, "z": 0.0, "x": 14.107142857142861}, "35": {"y": 0.0, "z": 18.8557445111696, "x": 45.542202259276799}, "9": {"y": 0.0, "z": 0.0, "x": 84.642857142857139}, "30": {"y": 0.0, "z": 0.0, "x": 42.321428571428584}, "22": {"y": 0.0, "z": 9.7106915222863908, "x": -76.142184650123696}, "20": {"y": 0.0, "z": 14.4501888933211, "x": 62.192893838314397}, "23": {"y": 0.0, "z": 0.0, "x": -28.214285714285708}, "24": {"y": 0.0, "z": 18.8557445111696, "x": -45.542202259276799}, "16": {"y": 0.0, "z": 22.171328469450501, "x": 26.9077653172717}, "29": {"y": 0.0, "z": 13.770323208043701, "x": -64.378871239563594}, "33": {"y": 0.0, "z": 21.776161429457598, "x": 29.748955908214501}, "7": {"y": 0.0, "z": 5.1064563116770403, "x": 87.591071069008905}, "18": {"y": 0.0, "z": 0.0, "x": 28.214285714285708}, "17": {"y": 0.0, "z": 23.497520603031901, "x": -13.566299845449301}, "34": {"y": 0.0, "z": 23.419528922300401, "x": -14.6930143867013}, "25": {"y": 0.0, "z": 23.9493209211509, "x": -0.27999597640763602}, "6": {"y": 0.0, "z": 13.770323208043701, "x": 64.378871239563594}, "32": {"y": 0.0, "z": 0.0, "x": -84.642857142857139}, "28": {"y": 0.0, "z": 0.0, "x": -98.75}, "38": {"y": 0.0, "z": 14.4501888933211, "x": -62.192893838314397}, "19": {"y": 0.0, "z": 23.9493209211509, "x": 0.27999597640763602}, "37": {"y": 0.0, "z": 9.7106915222863908, "x": 76.142184650123696}, "4": {"y": 0.0, "z": 20.059877807980499, "x": -39.795861566634301}, "40": {"y": 0.0, "z": 0.0, "x": -56.428571428571445}, "12": {"y": 0.0, "z": 0.0, "x": 98.75}, "39": {"y": 0.0, "z": 17.238582929667999, "x": 52.2741290663201}, "2": {"y": 0.0, "z": 5.1064563116770403, "x": -87.591071069008905}, "27": {"y": 0.0, "z": 0.0, "x": 56.428571428571416}, "5": {"y": 0.0, "z": 0.0, "x": -70.535714285714278}, "0": {"y": 0.0, "z": 0.0, "x": 0.0}, "8": {"y": 0.0, "z": 8.2867841816616998, "x": 79.858480064858398}, "11": {"y": 0.0, "z": 0.0, "x": -42.321428571428555}, "26": {"y": 0.0, "z": 0.0, "x": -14.107142857142861}, "15": {"y": 0.0, "z": 8.2867841816616998, "x": -79.858480064858398}}, "adjacency": {"21": {"27": null, "20": null, "9": null, "37": null}, "36": {"14": null, "18": null, "16": null}, "10": {"38": null, "11": null, "24": null}, "14": {"0": null, "19": null, "36": null}, "13": {"4": null, "11": null, "31": null}, "31": {"13": null, "26": null, "34": null}, "3": {"35": null, "33": null, "18": null}, "1": {"0": null, "19": null, "18": null, "16": null}, "35": {"3": null, "27": null, "39": null}, "9": {"8": null, "21": null, "7": null, "12": null}, "30": {"33": null, "27": null, "18": null, "39": null}, "22": {"29": null, "15": null, "5": null}, "20": {"6": null, "21": null, "39": null}, "23": {"11": null, "26": null, "34": null, "4": null}, "24": {"10": null, "40": null, "4": null}, "16": {"1": null, "33": null, "36": null}, "29": {"22": null, "38": null, "40": null}, "33": {"30": null, "3": null, "16": null}, "7": {"8": null, "9": null, "12": null}, "18": {"1": null, "30": null, "3": null, "36": null}, "17": {"0": null, "25": null, "34": null}, "34": {"23": null, "17": null, "31": null}, "25": {"19": null, "26": null, "17": null}, "6": {"27": null, "20": null, "37": null}, "32": {"2": null, "15": null, "28": null, "5": null}, "28": {"2": null, "32": null}, "38": {"29": null, "10": null, "5": null}, "19": {"1": null, "14": null, "25": null}, "37": {"6": null, "8": null, "21": null}, "4": {"23": null, "13": null, "24": null}, "40": {"29": null, "11": null, "24": null, "5": null}, "12": {"9": null, "7": null}, "39": {"35": null, "30": null, "20": null}, "2": {"32": null, "15": null, "28": null}, "27": {"35": null, "30": null, "6": null, "21": null}, "5": {"22": null, "38": null, "32": null, "40": null}, "0": {"1": null, "14": null, "26": null, "17": null}, "8": {"9": null, "7": null, "37": null}, "11": {"23": null, "10": null, "40": null, "13": null}, "26": {"23": null, "0": null, "25": null, "31": null}, "15": {"2": null, "22": null, "32": null}}, "max_node": 40, "dna": {"y": 0.0, "z": 0.0, "x": 0.0}, "edge": {"21": {"9": {}, "20": {}, "37": {}}, "36": {"16": {}}, "10": {"24": {}}, "14": {"36": {}}, "13": {"31": {}}, "31": {"34": {}}, "3": {"35": {}}, "1": {"19": {}, "18": {}, "16": {}}, "35": {"39": {}}, "9": {"8": {}, "7": {}, "12": {}}, "30": {"33": {}, "27": {}, "39": {}}, "22": {"29": {}}, "20": {"6": {}}, "23": {"26": {}, "34": {}, "4": {}}, "24": {"4": {}}, "16": {"33": {}}, "29": {"38": {}}, "33": {"3": {}}, "7": {"12": {}}, "18": {"30": {}, "3": {}, "36": {}}, "17": {"25": {}}, "34": {"17": {}}, "25": {"19": {}}, "6": {"37": {}}, "32": {"2": {}, "15": {}, "5": {}}, "28": {"2": {}, "32": {}}, "38": {"10": {}}, "19": {"14": {}}, "37": {"8": {}}, "4": {"13": {}}, "40": {"29": {}, "11": {}, "24": {}}, "12": {}, "39": {"20": {}}, "2": {"15": {}}, "27": {"35": {}, "6": {}, "21": {}}, "5": {"22": {}, "38": {}, "40": {}}, "0": {"1": {}, "14": {}, "17": {}}, "8": {"7": {}}, "11": {"23": {}, "10": {}, "13": {}}, "26": {"0": {}, "25": {}, "31": {}}, "15": {"22": {}}}, "attributes": {"name": "Network"}, "dea": {}}